what,kind,bundleId,bundleVersion,description,time
activated,editor,org.eclipse.jdt.ui,3.7.1.r371_v20110824-0800,"org.eclipse.jdt.ui.CompilationUnitEditor",1363548332572
deactivated,workbench,org.eclipse.ui.workbench,3.7.0.I20110519-0100,"",1363548333316
activated,workbench,org.eclipse.ui.workbench,3.7.0.I20110519-0100,"",1363548335099
deactivated,workbench,org.eclipse.ui.workbench,3.7.0.I20110519-0100,"",1363548337160
activated,workbench,org.eclipse.ui.workbench,3.7.0.I20110519-0100,"",1363548340572
activated,view,org.eclipse.ui.console,3.5.100.v20110511,"org.eclipse.ui.console.ConsoleView",1363548340613
opened,editor,org.eclipse.jdt.ui,3.7.1.r371_v20110824-0800,"org.eclipse.jdt.ui.CompilationUnitEditor",1363548344188
activated,editor,org.eclipse.jdt.ui,3.7.1.r371_v20110824-0800,"org.eclipse.jdt.ui.CompilationUnitEditor",1363548344394
activated,view,org.eclipse.ui.console,3.5.100.v20110511,"org.eclipse.ui.console.ConsoleView",1363548348168
activated,editor,org.eclipse.jdt.ui,3.7.1.r371_v20110824-0800,"org.eclipse.jdt.ui.CompilationUnitEditor",1363548348578
activated,view,org.eclipse.ui.console,3.5.100.v20110511,"org.eclipse.ui.console.ConsoleView",1363548351572
activated,editor,org.eclipse.jdt.ui,3.7.1.r371_v20110824-0800,"org.eclipse.jdt.ui.CompilationUnitEditor",1363548351882
activated,view,org.eclipse.ui.console,3.5.100.v20110511,"org.eclipse.ui.console.ConsoleView",1363548354271
activated,editor,org.eclipse.jdt.ui,3.7.1.r371_v20110824-0800,"org.eclipse.jdt.ui.CompilationUnitEditor",1363548356209
activated,view,org.eclipse.ui.console,3.5.100.v20110511,"org.eclipse.ui.console.ConsoleView",1363548404581
activated,editor,org.eclipse.jdt.ui,3.7.1.r371_v20110824-0800,"org.eclipse.jdt.ui.CompilationUnitEditor",1363548404936
activated,view,org.eclipse.ui.console,3.5.100.v20110511,"org.eclipse.ui.console.ConsoleView",1363548431590
activated,editor,org.eclipse.jdt.ui,3.7.1.r371_v20110824-0800,"org.eclipse.jdt.ui.CompilationUnitEditor",1363548431897
activated,editor,org.eclipse.jdt.ui,3.7.1.r371_v20110824-0800,"org.eclipse.jdt.ui.CompilationUnitEditor",1363548708376
deactivated,workbench,org.eclipse.ui.workbench,3.7.0.I20110519-0100,"",1363548709116
activated,workbench,org.eclipse.ui.workbench,3.7.0.I20110519-0100,"",1363548710313
deactivated,workbench,org.eclipse.ui.workbench,3.7.0.I20110519-0100,"",1363548711817
activated,workbench,org.eclipse.ui.workbench,3.7.0.I20110519-0100,"",1363548716020
activated,view,org.eclipse.ui.console,3.5.100.v20110511,"org.eclipse.ui.console.ConsoleView",1363548716059
opened,editor,org.eclipse.jdt.ui,3.7.1.r371_v20110824-0800,"org.eclipse.jdt.ui.CompilationUnitEditor",1363548718086
activated,editor,org.eclipse.jdt.ui,3.7.1.r371_v20110824-0800,"org.eclipse.jdt.ui.CompilationUnitEditor",1363548718283
activated,view,org.eclipse.ui.console,3.5.100.v20110511,"org.eclipse.ui.console.ConsoleView",1363548719431
activated,editor,org.eclipse.jdt.ui,3.7.1.r371_v20110824-0800,"org.eclipse.jdt.ui.CompilationUnitEditor",1363548719693
activated,view,org.eclipse.ui.console,3.5.100.v20110511,"org.eclipse.ui.console.ConsoleView",1363548721125
activated,editor,org.eclipse.jdt.ui,3.7.1.r371_v20110824-0800,"org.eclipse.jdt.ui.CompilationUnitEditor",1363548721395
activated,view,org.eclipse.ui.console,3.5.100.v20110511,"org.eclipse.ui.console.ConsoleView",1363548723274
activated,editor,org.eclipse.jdt.ui,3.7.1.r371_v20110824-0800,"org.eclipse.jdt.ui.CompilationUnitEditor",1363548723542
executed,command,org.eclipse.ui,3.7.0.I20110602-0100,"org.eclipse.ui.edit.undo",1363548743218
executed,command,org.eclipse.ui,3.7.0.I20110602-0100,"org.eclipse.ui.edit.undo",1363548743419
executed,command,org.eclipse.ui,3.7.0.I20110602-0100,"org.eclipse.ui.edit.undo",1363548743634
executed,command,org.eclipse.ui,3.7.0.I20110602-0100,"org.eclipse.ui.edit.undo",1363548743842
executed,command,org.eclipse.ui,3.7.0.I20110602-0100,"org.eclipse.ui.edit.undo",1363548744059
executed,command,org.eclipse.ui,3.7.0.I20110602-0100,"org.eclipse.ui.edit.undo",1363548744246
executed,command,org.eclipse.ui,3.7.0.I20110602-0100,"org.eclipse.ui.edit.undo",1363548744447
executed,command,org.eclipse.ui,3.7.0.I20110602-0100,"org.eclipse.ui.edit.undo",1363548744654
executed,command,org.eclipse.ui,3.7.0.I20110602-0100,"org.eclipse.ui.edit.undo",1363548744871
executed,command,org.eclipse.ui,3.7.0.I20110602-0100,"org.eclipse.ui.edit.undo",1363548745095
executed,command,org.eclipse.ui,3.7.0.I20110602-0100,"org.eclipse.ui.edit.undo",1363548745307
executed,command,org.eclipse.ui,3.7.0.I20110602-0100,"org.eclipse.ui.edit.undo",1363548745516
executed,command,org.eclipse.ui,3.7.0.I20110602-0100,"org.eclipse.ui.edit.undo",1363548745740
executed,command,org.eclipse.ui,3.7.0.I20110602-0100,"org.eclipse.ui.edit.undo",1363548745975
executed,command,org.eclipse.ui,3.7.0.I20110602-0100,"org.eclipse.ui.edit.undo",1363548746182
executed,command,org.eclipse.ui,3.7.0.I20110602-0100,"org.eclipse.ui.edit.undo",1363548746422
executed,command,org.eclipse.ui,3.7.0.I20110602-0100,"org.eclipse.ui.edit.undo",1363548746652
executed,command,org.eclipse.ui,3.7.0.I20110602-0100,"org.eclipse.ui.edit.undo",1363548746880
executed,command,org.eclipse.ui,3.7.0.I20110602-0100,"org.eclipse.ui.edit.undo",1363548747083
executed,command,org.eclipse.ui,3.7.0.I20110602-0100,"org.eclipse.ui.edit.undo",1363548747295
executed,command,org.eclipse.ui,3.7.0.I20110602-0100,"org.eclipse.ui.edit.undo",1363548747517
executed,command,org.eclipse.ui,3.7.0.I20110602-0100,"org.eclipse.ui.edit.undo",1363548747743
executed,command,org.eclipse.ui,3.7.0.I20110602-0100,"org.eclipse.ui.edit.undo",1363548747939
executed,command,org.eclipse.ui,3.7.0.I20110602-0100,"org.eclipse.ui.edit.undo",1363548748159
executed,command,org.eclipse.ui,3.7.0.I20110602-0100,"org.eclipse.ui.edit.undo",1363548748374
executed,command,org.eclipse.ui,3.7.0.I20110602-0100,"org.eclipse.ui.edit.undo",1363548748581
executed,command,org.eclipse.ui,3.7.0.I20110602-0100,"org.eclipse.ui.edit.undo",1363548748821
executed,command,org.eclipse.ui,3.7.0.I20110602-0100,"org.eclipse.ui.edit.undo",1363548749036
executed,command,org.eclipse.ui,3.7.0.I20110602-0100,"org.eclipse.ui.edit.undo",1363548749236
executed,command,org.eclipse.ui,3.7.0.I20110602-0100,"org.eclipse.ui.edit.undo",1363548749484
executed,command,org.eclipse.ui,3.7.0.I20110602-0100,"org.eclipse.ui.edit.undo",1363548749767
executed,command,org.eclipse.ui,3.7.0.I20110602-0100,"org.eclipse.ui.edit.undo",1363548750016
executed,command,org.eclipse.ui,3.7.0.I20110602-0100,"org.eclipse.ui.edit.undo",1363548750244
executed,command,org.eclipse.ui,3.7.0.I20110602-0100,"org.eclipse.ui.edit.undo",1363548750515
executed,command,org.eclipse.ui,3.7.0.I20110602-0100,"org.eclipse.ui.edit.undo",1363548750752
executed,command,org.eclipse.ui,3.7.0.I20110602-0100,"org.eclipse.ui.edit.undo",1363548751010
executed,command,org.eclipse.ui,3.7.0.I20110602-0100,"org.eclipse.ui.edit.undo",1363548751224
executed,command,org.eclipse.ui,3.7.0.I20110602-0100,"org.eclipse.ui.edit.undo",1363548751465
executed,command,org.eclipse.ui,3.7.0.I20110602-0100,"org.eclipse.ui.edit.undo",1363548751687
executed,command,org.eclipse.ui,3.7.0.I20110602-0100,"org.eclipse.ui.edit.undo",1363548751942
executed,command,org.eclipse.ui,3.7.0.I20110602-0100,"org.eclipse.ui.edit.undo",1363548752152
executed,command,org.eclipse.ui,3.7.0.I20110602-0100,"org.eclipse.ui.edit.undo",1363548752397
executed,command,org.eclipse.ui,3.7.0.I20110602-0100,"org.eclipse.ui.edit.undo",1363548753646
executed,command,org.eclipse.ui,3.7.0.I20110602-0100,"org.eclipse.ui.edit.undo",1363548754190
executed,command,org.eclipse.ui,3.7.0.I20110602-0100,"org.eclipse.ui.edit.undo",1363548754489
executed,command,org.eclipse.ui,3.7.0.I20110602-0100,"org.eclipse.ui.edit.undo",1363548754846
executed,command,org.eclipse.ui,3.7.0.I20110602-0100,"org.eclipse.ui.edit.undo",1363548755090
executed,command,org.eclipse.ui,3.7.0.I20110602-0100,"org.eclipse.ui.edit.undo",1363548755326
executed,command,org.eclipse.ui,3.7.0.I20110602-0100,"org.eclipse.ui.edit.undo",1363548755605
executed,command,org.eclipse.ui,3.7.0.I20110602-0100,"org.eclipse.ui.edit.undo",1363548755855
executed,command,org.eclipse.ui,3.7.0.I20110602-0100,"org.eclipse.ui.edit.undo",1363548756168
executed,command,org.eclipse.ui,3.7.0.I20110602-0100,"org.eclipse.ui.edit.undo",1363548756524
executed,command,org.eclipse.ui,3.7.0.I20110602-0100,"org.eclipse.ui.edit.undo",1363548756768
executed,command,org.eclipse.ui,3.7.0.I20110602-0100,"org.eclipse.ui.edit.undo",1363548757021
executed,command,org.eclipse.ui,3.7.0.I20110602-0100,"org.eclipse.ui.edit.undo",1363548757239
executed,command,org.eclipse.ui,3.7.0.I20110602-0100,"org.eclipse.ui.edit.undo",1363548757491
executed,command,org.eclipse.ui,3.7.0.I20110602-0100,"org.eclipse.ui.edit.undo",1363548757725
executed,command,org.eclipse.ui,3.7.0.I20110602-0100,"org.eclipse.ui.edit.undo",1363548757967
executed,command,org.eclipse.ui,3.7.0.I20110602-0100,"org.eclipse.ui.edit.undo",1363548758717
executed,command,org.eclipse.ui,3.7.0.I20110602-0100,"org.eclipse.ui.edit.undo",1363548759916
executed,command,org.eclipse.ui,3.7.0.I20110602-0100,"org.eclipse.ui.edit.undo",1363548762999
executed,command,org.eclipse.ui,3.7.0.I20110602-0100,"org.eclipse.ui.edit.redo",1363548768194
executed,command,org.eclipse.ui,3.7.0.I20110602-0100,"org.eclipse.ui.edit.redo",1363548768619
executed,command,org.eclipse.ui,3.7.0.I20110602-0100,"org.eclipse.ui.edit.redo",1363548769682
executed,command,org.eclipse.ui,3.7.0.I20110602-0100,"org.eclipse.ui.edit.redo",1363548770459
executed,command,org.eclipse.ui,3.7.0.I20110602-0100,"org.eclipse.ui.edit.redo",1363548771250
executed,command,org.eclipse.ui,3.7.0.I20110602-0100,"org.eclipse.ui.edit.redo",1363548771921
executed,command,org.eclipse.ui,3.7.0.I20110602-0100,"org.eclipse.ui.edit.undo",1363548772902
executed,command,org.eclipse.ui,3.7.0.I20110602-0100,"org.eclipse.ui.edit.undo",1363548773236
executed,command,org.eclipse.ui,3.7.0.I20110602-0100,"org.eclipse.ui.edit.redo",1363548774359
executed,command,org.eclipse.ui,3.7.0.I20110602-0100,"org.eclipse.ui.edit.undo",1363548775007
activated,view,org.eclipse.ui.console,3.5.100.v20110511,"org.eclipse.ui.console.ConsoleView",1363548777732
activated,editor,org.eclipse.jdt.ui,3.7.1.r371_v20110824-0800,"org.eclipse.jdt.ui.CompilationUnitEditor",1363548780154
deactivated,workbench,org.eclipse.ui.workbench,3.7.0.I20110519-0100,"",1363548780943
activated,workbench,org.eclipse.ui.workbench,3.7.0.I20110519-0100,"",1363548782054
deactivated,workbench,org.eclipse.ui.workbench,3.7.0.I20110519-0100,"",1363548783778
activated,workbench,org.eclipse.ui.workbench,3.7.0.I20110519-0100,"",1363548790212
deactivated,workbench,org.eclipse.ui.workbench,3.7.0.I20110519-0100,"",1363548792109
activated,workbench,org.eclipse.ui.workbench,3.7.0.I20110519-0100,"",1363548793709
activated,view,org.eclipse.ui.console,3.5.100.v20110511,"org.eclipse.ui.console.ConsoleView",1363548794613
deactivated,workbench,org.eclipse.ui.workbench,3.7.0.I20110519-0100,"",1363548798933
activated,workbench,org.eclipse.ui.workbench,3.7.0.I20110519-0100,"",1363548805790
deactivated,workbench,org.eclipse.ui.workbench,3.7.0.I20110519-0100,"",1363548806888
activated,workbench,org.eclipse.ui.workbench,3.7.0.I20110519-0100,"",1363548808421
deactivated,workbench,org.eclipse.ui.workbench,3.7.0.I20110519-0100,"",1363548814148
activated,workbench,org.eclipse.ui.workbench,3.7.0.I20110519-0100,"",1363548825621
deactivated,workbench,org.eclipse.ui.workbench,3.7.0.I20110519-0100,"",1363548831036
activated,workbench,org.eclipse.ui.workbench,3.7.0.I20110519-0100,"",1363548837465
deactivated,workbench,org.eclipse.ui.workbench,3.7.0.I20110519-0100,"",1363548843957
activated,workbench,org.eclipse.ui.workbench,3.7.0.I20110519-0100,"",1363548854461
activated,editor,org.eclipse.jdt.ui,3.7.1.r371_v20110824-0800,"org.eclipse.jdt.ui.CompilationUnitEditor",1363548856273
deactivated,workbench,org.eclipse.ui.workbench,3.7.0.I20110519-0100,"",1363548870474
activated,workbench,org.eclipse.ui.workbench,3.7.0.I20110519-0100,"",1363548924762
activated,editor,org.eclipse.jdt.ui,3.7.1.r371_v20110824-0800,"org.eclipse.jdt.ui.CompilationUnitEditor",1363548972703
activated,editor,org.eclipse.jdt.ui,3.7.1.r371_v20110824-0800,"org.eclipse.jdt.ui.CompilationUnitEditor",1363548974234
closed,editor,org.eclipse.jdt.ui,3.7.1.r371_v20110824-0800,"org.eclipse.jdt.ui.CompilationUnitEditor",1363548978594
closed,editor,org.eclipse.jdt.ui,3.7.1.r371_v20110824-0800,"org.eclipse.jdt.ui.CompilationUnitEditor",1363548979652
activated,editor,org.eclipse.jdt.ui,3.7.1.r371_v20110824-0800,"org.eclipse.jdt.ui.CompilationUnitEditor",1363548981139
activated,editor,org.eclipse.jdt.ui,3.7.1.r371_v20110824-0800,"org.eclipse.jdt.ui.CompilationUnitEditor",1363549040745
deactivated,workbench,org.eclipse.ui.workbench,3.7.0.I20110519-0100,"",1363549041649
activated,workbench,org.eclipse.ui.workbench,3.7.0.I20110519-0100,"",1363549042841
deactivated,workbench,org.eclipse.ui.workbench,3.7.0.I20110519-0100,"",1363549044572
activated,workbench,org.eclipse.ui.workbench,3.7.0.I20110519-0100,"",1363549103549
activated,editor,org.eclipse.jdt.ui,3.7.1.r371_v20110824-0800,"org.eclipse.jdt.ui.CompilationUnitEditor",1363549105222
activated,editor,org.eclipse.jdt.ui,3.7.1.r371_v20110824-0800,"org.eclipse.jdt.ui.CompilationUnitEditor",1363549107613
executed,command,org.eclipse.ui,3.7.0.I20110602-0100,"org.eclipse.ui.edit.undo",1363549109142
executed,command,org.eclipse.ui,3.7.0.I20110602-0100,"org.eclipse.ui.edit.undo",1363549109526
executed,command,org.eclipse.ui,3.7.0.I20110602-0100,"org.eclipse.ui.edit.undo",1363549110035
activated,editor,org.eclipse.jdt.ui,3.7.1.r371_v20110824-0800,"org.eclipse.jdt.ui.CompilationUnitEditor",1363549113789
deactivated,workbench,org.eclipse.ui.workbench,3.7.0.I20110519-0100,"",1363549132179
activated,workbench,org.eclipse.ui.workbench,3.7.0.I20110519-0100,"",1363549132201
deactivated,workbench,org.eclipse.ui.workbench,3.7.0.I20110519-0100,"",1363549136570
activated,workbench,org.eclipse.ui.workbench,3.7.0.I20110519-0100,"",1363549138678
deactivated,workbench,org.eclipse.ui.workbench,3.7.0.I20110519-0100,"",1363549160179
activated,workbench,org.eclipse.ui.workbench,3.7.0.I20110519-0100,"",1363549165218
activated,editor,org.eclipse.jdt.ui,3.7.1.r371_v20110824-0800,"org.eclipse.jdt.ui.CompilationUnitEditor",1363549168411
activated,editor,org.eclipse.jdt.ui,3.7.1.r371_v20110824-0800,"org.eclipse.jdt.ui.CompilationUnitEditor",1363549176689
activated,editor,org.eclipse.jdt.ui,3.7.1.r371_v20110824-0800,"org.eclipse.jdt.ui.CompilationUnitEditor",1363549179069
activated,editor,org.eclipse.jdt.ui,3.7.1.r371_v20110824-0800,"org.eclipse.jdt.ui.CompilationUnitEditor",1363549347699
deactivated,workbench,org.eclipse.ui.workbench,3.7.0.I20110519-0100,"",1363549348327
activated,workbench,org.eclipse.ui.workbench,3.7.0.I20110519-0100,"",1363549350040
deactivated,workbench,org.eclipse.ui.workbench,3.7.0.I20110519-0100,"",1363549351894
activated,workbench,org.eclipse.ui.workbench,3.7.0.I20110519-0100,"",1363549354797
activated,view,org.eclipse.ui.console,3.5.100.v20110511,"org.eclipse.ui.console.ConsoleView",1363549359055
opened,editor,org.eclipse.jdt.ui,3.7.1.r371_v20110824-0800,"org.eclipse.jdt.ui.CompilationUnitEditor",1363549359556
activated,editor,org.eclipse.jdt.ui,3.7.1.r371_v20110824-0800,"org.eclipse.jdt.ui.CompilationUnitEditor",1363549359771
opened,view,org.eclipse.jdt.ui,3.7.1.r371_v20110824-0800,"org.eclipse.jdt.ui.SourceView",1363549366175
activated,view,org.eclipse.jdt.ui,3.7.1.r371_v20110824-0800,"org.eclipse.jdt.ui.SourceView",1363549366232
activated,editor,org.eclipse.jdt.ui,3.7.1.r371_v20110824-0800,"org.eclipse.jdt.ui.CompilationUnitEditor",1363549371540
closed,view,org.eclipse.jdt.ui,3.7.1.r371_v20110824-0800,"org.eclipse.jdt.ui.SourceView",1363549371570
activated,view,org.eclipse.ui.console,3.5.100.v20110511,"org.eclipse.ui.console.ConsoleView",1363549372725
activated,editor,org.eclipse.jdt.ui,3.7.1.r371_v20110824-0800,"org.eclipse.jdt.ui.CompilationUnitEditor",1363549375080
activated,view,org.eclipse.ui.console,3.5.100.v20110511,"org.eclipse.ui.console.ConsoleView",1363549376753
activated,editor,org.eclipse.jdt.ui,3.7.1.r371_v20110824-0800,"org.eclipse.jdt.ui.CompilationUnitEditor",1363549377060
activated,editor,org.eclipse.jdt.ui,3.7.1.r371_v20110824-0800,"org.eclipse.jdt.ui.CompilationUnitEditor",1363549434359
deactivated,workbench,org.eclipse.ui.workbench,3.7.0.I20110519-0100,"",1363549434861
activated,workbench,org.eclipse.ui.workbench,3.7.0.I20110519-0100,"",1363549436029
deactivated,workbench,org.eclipse.ui.workbench,3.7.0.I20110519-0100,"",1363549437984
activated,workbench,org.eclipse.ui.workbench,3.7.0.I20110519-0100,"",1363549439932
activated,view,org.eclipse.ui.console,3.5.100.v20110511,"org.eclipse.ui.console.ConsoleView",1363549441617
activated,editor,org.eclipse.jdt.ui,3.7.1.r371_v20110824-0800,"org.eclipse.jdt.ui.CompilationUnitEditor",1363549455617
executed,command,org.eclipse.ui,3.7.0.I20110602-0100,"org.eclipse.ui.edit.undo",1363549457626
executed,command,org.eclipse.ui,3.7.0.I20110602-0100,"org.eclipse.ui.edit.copy",1363549540535
executed,command,org.eclipse.ui,3.7.0.I20110602-0100,"org.eclipse.ui.edit.paste",1363549542557
activated,editor,org.eclipse.jdt.ui,3.7.1.r371_v20110824-0800,"org.eclipse.jdt.ui.CompilationUnitEditor",1363549678062
deactivated,workbench,org.eclipse.ui.workbench,3.7.0.I20110519-0100,"",1363549678839
activated,workbench,org.eclipse.ui.workbench,3.7.0.I20110519-0100,"",1363549680044
deactivated,workbench,org.eclipse.ui.workbench,3.7.0.I20110519-0100,"",1363549681797
activated,workbench,org.eclipse.ui.workbench,3.7.0.I20110519-0100,"",1363549687403
activated,editor,org.eclipse.jdt.ui,3.7.1.r371_v20110824-0800,"org.eclipse.jdt.ui.CompilationUnitEditor",1363549690621
executed,command,org.eclipse.ui,3.7.0.I20110602-0100,"org.eclipse.ui.edit.undo",1363549716199
executed,command,org.eclipse.ui,3.7.0.I20110602-0100,"org.eclipse.ui.edit.undo",1363549716581
executed,command,org.eclipse.ui,3.7.0.I20110602-0100,"org.eclipse.ui.edit.undo",1363549717174
executed,command,org.eclipse.ui,3.7.0.I20110602-0100,"org.eclipse.ui.edit.undo",1363549717975
executed,command,org.eclipse.ui,3.7.0.I20110602-0100,"org.eclipse.ui.edit.undo",1363549718393
executed,command,org.eclipse.ui,3.7.0.I20110602-0100,"org.eclipse.ui.edit.undo",1363549720093
executed,command,org.eclipse.ui,3.7.0.I20110602-0100,"org.eclipse.ui.edit.undo",1363549720530
executed,command,org.eclipse.ui,3.7.0.I20110602-0100,"org.eclipse.ui.edit.undo",1363549720831
executed,command,org.eclipse.ui,3.7.0.I20110602-0100,"org.eclipse.ui.edit.undo",1363549721108
executed,command,org.eclipse.ui,3.7.0.I20110602-0100,"org.eclipse.ui.edit.undo",1363549721428
executed,command,org.eclipse.ui,3.7.0.I20110602-0100,"org.eclipse.ui.edit.undo",1363549721749
executed,command,org.eclipse.ui,3.7.0.I20110602-0100,"org.eclipse.ui.edit.undo",1363549722118
executed,command,org.eclipse.ui,3.7.0.I20110602-0100,"org.eclipse.ui.edit.undo",1363549722363
executed,command,org.eclipse.ui,3.7.0.I20110602-0100,"org.eclipse.ui.edit.undo",1363549722760
executed,command,org.eclipse.ui,3.7.0.I20110602-0100,"org.eclipse.ui.edit.undo",1363549723026
executed,command,org.eclipse.ui,3.7.0.I20110602-0100,"org.eclipse.ui.edit.undo",1363549723365
executed,command,org.eclipse.ui,3.7.0.I20110602-0100,"org.eclipse.ui.edit.undo",1363549723737
executed,command,org.eclipse.ui,3.7.0.I20110602-0100,"org.eclipse.ui.edit.undo",1363549724008
executed,command,org.eclipse.ui,3.7.0.I20110602-0100,"org.eclipse.ui.edit.undo",1363549724424
executed,command,org.eclipse.ui,3.7.0.I20110602-0100,"org.eclipse.ui.edit.undo",1363549724735
executed,command,org.eclipse.ui,3.7.0.I20110602-0100,"org.eclipse.ui.edit.undo",1363549725131
executed,command,org.eclipse.ui,3.7.0.I20110602-0100,"org.eclipse.ui.edit.undo",1363549725449
executed,command,org.eclipse.ui,3.7.0.I20110602-0100,"org.eclipse.ui.edit.undo",1363549726008
executed,command,org.eclipse.ui,3.7.0.I20110602-0100,"org.eclipse.ui.edit.undo",1363549726403
executed,command,org.eclipse.ui,3.7.0.I20110602-0100,"org.eclipse.ui.edit.undo",1363549726732
executed,command,org.eclipse.ui,3.7.0.I20110602-0100,"org.eclipse.ui.edit.undo",1363549727163
executed,command,org.eclipse.ui,3.7.0.I20110602-0100,"org.eclipse.ui.edit.undo",1363549727539
executed,command,org.eclipse.ui,3.7.0.I20110602-0100,"org.eclipse.ui.edit.undo",1363549728364
executed,command,org.eclipse.ui,3.7.0.I20110602-0100,"org.eclipse.ui.edit.undo",1363549731550
executed,command,org.eclipse.ui,3.7.0.I20110602-0100,"org.eclipse.ui.edit.undo",1363549731905
executed,command,org.eclipse.ui,3.7.0.I20110602-0100,"org.eclipse.ui.edit.undo",1363549732396
executed,command,org.eclipse.ui,3.7.0.I20110602-0100,"org.eclipse.ui.edit.undo",1363549733025
executed,command,org.eclipse.ui,3.7.0.I20110602-0100,"org.eclipse.ui.edit.undo",1363549733354
executed,command,org.eclipse.ui,3.7.0.I20110602-0100,"org.eclipse.ui.edit.undo",1363549733693
executed,command,org.eclipse.ui,3.7.0.I20110602-0100,"org.eclipse.ui.edit.undo",1363549734044
executed,command,org.eclipse.ui,3.7.0.I20110602-0100,"org.eclipse.ui.edit.undo",1363549734424
executed,command,org.eclipse.ui,3.7.0.I20110602-0100,"org.eclipse.ui.edit.undo",1363549734831
executed,command,org.eclipse.ui,3.7.0.I20110602-0100,"org.eclipse.ui.edit.undo",1363549735212
executed,command,org.eclipse.ui,3.7.0.I20110602-0100,"org.eclipse.ui.edit.undo",1363549735704
executed,command,org.eclipse.ui,3.7.0.I20110602-0100,"org.eclipse.ui.edit.undo",1363549736058
executed,command,org.eclipse.ui,3.7.0.I20110602-0100,"org.eclipse.ui.edit.undo",1363549736426
executed,command,org.eclipse.ui,3.7.0.I20110602-0100,"org.eclipse.ui.edit.undo",1363549736786
executed,command,org.eclipse.ui,3.7.0.I20110602-0100,"org.eclipse.ui.edit.undo",1363549737152
executed,command,org.eclipse.ui,3.7.0.I20110602-0100,"org.eclipse.ui.edit.undo",1363549737541
executed,command,org.eclipse.ui,3.7.0.I20110602-0100,"org.eclipse.ui.edit.undo",1363549737860
executed,command,org.eclipse.ui,3.7.0.I20110602-0100,"org.eclipse.ui.edit.undo",1363549738220
executed,command,org.eclipse.ui,3.7.0.I20110602-0100,"org.eclipse.ui.edit.undo",1363549738787
activated,editor,org.eclipse.jdt.ui,3.7.1.r371_v20110824-0800,"org.eclipse.jdt.ui.CompilationUnitEditor",1363549758530
activated,view,org.eclipse.ui.console,3.5.100.v20110511,"org.eclipse.ui.console.ConsoleView",1363549760050
deactivated,workbench,org.eclipse.ui.workbench,3.7.0.I20110519-0100,"",1363549762361
activated,workbench,org.eclipse.ui.workbench,3.7.0.I20110519-0100,"",1363549763433
deactivated,workbench,org.eclipse.ui.workbench,3.7.0.I20110519-0100,"",1363549763733
activated,workbench,org.eclipse.ui.workbench,3.7.0.I20110519-0100,"",1363549765142
activated,editor,org.eclipse.jdt.ui,3.7.1.r371_v20110824-0800,"org.eclipse.jdt.ui.CompilationUnitEditor",1363549769343
executed,command,org.eclipse.ui,3.7.0.I20110602-0100,"org.eclipse.ui.edit.undo",1363549776868
executed,command,org.eclipse.ui,3.7.0.I20110602-0100,"org.eclipse.ui.edit.undo",1363549777945
executed,command,org.eclipse.ui,3.7.0.I20110602-0100,"org.eclipse.ui.edit.undo",1363549778451
executed,command,org.eclipse.ui,3.7.0.I20110602-0100,"org.eclipse.ui.edit.undo",1363549779232
executed,command,org.eclipse.ui,3.7.0.I20110602-0100,"org.eclipse.ui.edit.undo",1363549781311
executed,command,org.eclipse.ui,3.7.0.I20110602-0100,"org.eclipse.ui.edit.undo",1363549782281
executed,command,org.eclipse.ui,3.7.0.I20110602-0100,"org.eclipse.ui.edit.undo",1363549782939
executed,command,org.eclipse.ui,3.7.0.I20110602-0100,"org.eclipse.ui.edit.undo",1363549783679
executed,command,org.eclipse.ui,3.7.0.I20110602-0100,"org.eclipse.ui.edit.undo",1363549784278
executed,command,org.eclipse.ui,3.7.0.I20110602-0100,"org.eclipse.ui.edit.undo",1363549788860
executed,command,org.eclipse.ui,3.7.0.I20110602-0100,"org.eclipse.ui.edit.undo",1363549789610
executed,command,org.eclipse.ui,3.7.0.I20110602-0100,"org.eclipse.ui.edit.redo",1363549791005
executed,command,org.eclipse.ui,3.7.0.I20110602-0100,"org.eclipse.ui.edit.redo",1363549791207
executed,command,org.eclipse.ui,3.7.0.I20110602-0100,"org.eclipse.ui.edit.redo",1363549791920
executed,command,org.eclipse.ui,3.7.0.I20110602-0100,"org.eclipse.ui.edit.redo",1363549792516
activated,editor,org.eclipse.jdt.ui,3.7.1.r371_v20110824-0800,"org.eclipse.jdt.ui.CompilationUnitEditor",1363549794260
deactivated,workbench,org.eclipse.ui.workbench,3.7.0.I20110519-0100,"",1363549794892
activated,workbench,org.eclipse.ui.workbench,3.7.0.I20110519-0100,"",1363549795947
deactivated,workbench,org.eclipse.ui.workbench,3.7.0.I20110519-0100,"",1363549797774
activated,workbench,org.eclipse.ui.workbench,3.7.0.I20110519-0100,"",1363549808929
deactivated,workbench,org.eclipse.ui.workbench,3.7.0.I20110519-0100,"",1363549810976
activated,workbench,org.eclipse.ui.workbench,3.7.0.I20110519-0100,"",1363549814085
activated,view,org.eclipse.ui.console,3.5.100.v20110511,"org.eclipse.ui.console.ConsoleView",1363549814871
deactivated,workbench,org.eclipse.ui.workbench,3.7.0.I20110519-0100,"",1363549819883
activated,workbench,org.eclipse.ui.workbench,3.7.0.I20110519-0100,"",1363549828011
deactivated,workbench,org.eclipse.ui.workbench,3.7.0.I20110519-0100,"",1363549828464
activated,workbench,org.eclipse.ui.workbench,3.7.0.I20110519-0100,"",1363549829873
executed,command,org.eclipse.ui,3.7.0.I20110602-0100,"org.eclipse.ui.edit.copy",1363549833712
deactivated,workbench,org.eclipse.ui.workbench,3.7.0.I20110519-0100,"",1363549835940
activated,workbench,org.eclipse.ui.workbench,3.7.0.I20110519-0100,"",1363549919240
activated,editor,org.eclipse.jdt.ui,3.7.1.r371_v20110824-0800,"org.eclipse.jdt.ui.CompilationUnitEditor",1363549920150
activated,view,org.eclipse.ui.console,3.5.100.v20110511,"org.eclipse.ui.console.ConsoleView",1363549922342
deactivated,workbench,org.eclipse.ui.workbench,3.7.0.I20110519-0100,"",1363549926880
activated,workbench,org.eclipse.ui.workbench,3.7.0.I20110519-0100,"",1363549932724
deactivated,workbench,org.eclipse.ui.workbench,3.7.0.I20110519-0100,"",1363549936265
activated,workbench,org.eclipse.ui.workbench,3.7.0.I20110519-0100,"",1363549938213
deactivated,workbench,org.eclipse.ui.workbench,3.7.0.I20110519-0100,"",1363549941469
activated,workbench,org.eclipse.ui.workbench,3.7.0.I20110519-0100,"",1363549942697
closed,workbench,org.eclipse.ui.workbench,3.7.0.I20110519-0100,"",1363549943828
